country,continent,risk_cluster,cluster_reason,cases,deaths,tests,recovered,cases_per_100k,deaths_per_100k,tests_per_100k,recovery_rate,death_rate
Peru,South-America,Extreme Risk,"high deaths per 100k, high death rate",4572667,222161.0,39010194.0,4350506.0,13575.106174382965,659.5405182155388,115811.52212336416,95.1415443110115,4.858455688988505
Bosnia-and-Herzegovina,Europe,Extreme Risk,"high deaths per 100k, high death rate",403615,16388.0,1884721.0,379084.0,12421.533509965326,504.3521453893233,58003.60506531065,93.92217831349183,4.060304993620158
Bulgaria,Europe,Extreme Risk,"high deaths per 100k, high death rate",1339851,38748.0,11671043.0,1292944.0,19575.30881657459,566.1107586027344,170514.68479444442,96.49908833146372,2.891963360104967
North-Macedonia,Europe,Extreme Risk,"high deaths per 100k, high death rate",350567,9976.0,2226216.0,337068.0,16843.623036327226,479.3148910490731,106962.55808858293,96.14938086014942,2.84567571961993
Trinidad-and-Tobago,North-America,Extreme Risk,"high deaths per 100k, high death rate",191496,4390.0,913289.0,187078.0,13614.250116416712,312.1034278056427,64929.527899131586,97.69290220161257,2.2924760830513433
Colombia,South-America,Extreme Risk,"high deaths per 100k, high death rate",6400173,143200.0,36951507.0,6212152.0,12424.441539360672,277.98936504317123,71732.72324244621,97.06225128601993,2.2374395192129963
Hungary,Europe,Extreme Risk,"high deaths per 100k, high death rate",2230232,49048.0,11394556.0,2152155.0,23216.44669376497,510.5837766814324,118615.95653417215,96.49915345130013,2.1992330842710532
Ukraine,Europe,Extreme Risk,"high deaths per 100k, high death rate",5557995,112418.0,32603805.0,5445577.0,12868.075803268011,260.2743157652685,75485.53645963492,97.97736413940639,2.0226358605936134
Romania,Europe,Extreme Risk,"high deaths per 100k, high death rate",3529735,68929.0,28758667.0,3460149.0,18546.964782029216,362.18688809797106,151112.1894496629,98.02857721613663,1.9528094885310088
Armenia,Asia,Extreme Risk,"high deaths per 100k, high death rate",451831,8777.0,3242901.0,435162.0,15203.101246784116,295.3263933705836,109116.3559744627,96.31078876836693,1.9425404631377663
Brazil,South-America,Extreme Risk,"high deaths per 100k, high death rate",38743918,711380.0,63776166.0,36249161.0,17990.83890836221,330.3311498499122,29614.628254658375,93.56090677251588,1.8361075408016299
Russia,Europe,Extreme Risk,high deaths per 100k,24124215,402756.0,273400000.0,23545818.0,16545.425955773942,276.22741615607765,187509.49849802765,97.60242146739283,1.6695092462075969
Croatia,Europe,Extreme Risk,high deaths per 100k,1309728,18687.0,5660084.0,1258432.0,32264.984531762482,460.35189439719204,139435.45736861113,96.08346160424149,1.4267847980649417
Saint-Lucia,North-America,Extreme Risk,high deaths per 100k,30215,410.0,210983.0,29805.0,16322.462495880893,221.4863353735286,113975.24755149557,98.64305808373325,1.3569419162667549
Argentina,South-America,Extreme Risk,high deaths per 100k,10128845,130841.0,35716069.0,9997258.0,22014.330550894396,284.3736895578492,77626.35808372546,98.70086865777886,1.2917662379076786
Grenada,North-America,Extreme Risk,high deaths per 100k,19693,238.0,182981.0,19358.0,17354.48336638026,209.7378277153558,161252.25820665347,98.29888792972122,1.2085512618696999
Chile,South-America,Extreme Risk,high deaths per 100k,5384853,64497.0,50382097.0,5252450.0,27972.978975018177,335.04595667732195,261722.52800556048,97.54119564638069,1.1977485736379432
Slovakia,Europe,Extreme Risk,"high cases per 100k, high deaths per 100k",1877605,21224.0,7448789.0,1856381.0,34387.15444673842,388.7042088072711,136419.88479161818,98.8696238026635,1.1303761973365005
USA,North-America,Extreme Risk,"high cases per 100k, high deaths per 100k",111820082,1219487.0,1186851502.0,109814428.0,33398.54307967895,364.2376966295593,354490.09077572194,98.20635617133601,1.090579597321347
Sweden,Europe,Extreme Risk,high deaths per 100k,2754129,27407.0,19500873.0,2726492.0,26951.138231041074,268.1972578256656,190830.10412692235,98.99652485413719,0.9951240482925817
Montenegro,Europe,Extreme Risk,"high cases per 100k, high deaths per 100k",296542,2846.0,2769281.0,291794.0,47223.82355283064,453.2207978342225,441003.42383947765,98.39887773064187,0.9597291446068348
UK,Europe,Extreme Risk,"high cases per 100k, high deaths per 100k",24910387,232112.0,522526476.0,24678275.0,36366.63964053675,338.8599888168846,762835.6819720054,99.06821198723247,0.9317880127675254
Czechia,Europe,Extreme Risk,"high cases per 100k, high deaths per 100k",4759041,43517.0,57834241.0,4715206.0,44324.64134511787,405.3075855861494,538655.159682825,99.07891106632619,0.914406915174717
Spain,Europe,Extreme Risk,high deaths per 100k,13914811,121760.0,471036328.0,13762417.0,29783.96092976194,260.62122459355095,1008229.8343578314,98.90480725897032,0.8750388345195634
Sint-Maarten,North-America,Extreme Risk,high deaths per 100k,11051,92.0,62056.0,10905.0,25135.33184733658,209.2526042851294,141145.43055997818,98.67885259252557,0.8325038458058095
Panama,North-America,Extreme Risk,extreme combined risk profile,1059893,8727.0,7882622.0,1051102.0,23834.080959504055,196.24624800200766,177258.50715229535,99.17057665254889,0.8233850020709638
Finland,Europe,Extreme Risk,high deaths per 100k,1516117,11958.0,12108977.0,1503989.0,27293.031813010355,215.2670766306148,217984.95398706742,99.20006173666016,0.7887254083952624
Uruguay,South-America,Extreme Risk,high deaths per 100k,1041111,7664.0,6114822.0,1030944.0,29779.926636491367,219.2209646637773,174908.29561420772,99.02344706760374,0.7361366847531147
Italy,Europe,Extreme Risk,"high cases per 100k, high deaths per 100k",26723249,196487.0,281126449.0,26361218.0,44344.5414142098,326.0503956256906,466501.04036040825,98.64525829175936,0.7352661347428225
Malta,Europe,Extreme Risk,extreme combined risk profile,121420,885.0,2170600.0,120149.0,27344.814461988186,199.30951077960424,488837.54135390837,98.95322022731017,0.7288749794103113
Lithuania,Europe,Extreme Risk,"high cases per 100k, high deaths per 100k",1397806,9897.0,10540357.0,1387478.0,52515.37734417149,371.8289158690585,395999.7490333275,99.26112779598886,0.7080381683867433
Belgium,Europe,Extreme Risk,"high cases per 100k, high deaths per 100k",4861695,34376.0,37454182.0,4826798.0,41665.91677023807,294.6107386197003,320991.51220085775,99.28220507456761,0.7070784983426562
Serbia,Europe,Extreme Risk,high deaths per 100k,2615054,18057.0,13463733.0,2596608.0,30221.300873591357,208.67868498105167,155595.8408027906,99.29462259670355,0.6905019934578789
Latvia,Europe,Extreme Risk,"high cases per 100k, high deaths per 100k",982505,6715.0,7885792.0,971406.0,53141.78589026507,363.2012989787634,426527.1627515027,98.87033653772754,0.6834570816433504
Aruba,North-America,Extreme Risk,"high cases per 100k, high deaths per 100k",44224,292.0,177885.0,42438.0,41096.93427129701,271.35276789116153,165306.8051928742,95.96146888567294,0.66027496382055
Cura&ccedil;ao,North-America,Extreme Risk,extreme combined risk profile,45986,295.0,496693.0,44720.0,27781.23470811761,178.21650586906222,300064.0371173631,97.2469882138042,0.6414995868307746
Barbados,North-America,Extreme Risk,"high cases per 100k, high deaths per 100k",110578,648.0,814159.0,108647.0,38392.072855292805,224.98203268488973,282671.52276033506,98.25372135506159,0.5860116840601204
Montserrat,North-America,Extreme Risk,extreme combined risk profile,1403,8.0,17762.0,1376.0,28257.804632426993,161.12789526686808,357744.2094662639,98.07555238774056,0.5702066999287242
Ireland,Europe,Extreme Risk,high cases per 100k,1734582,9491.0,13083449.0,1724921.0,34552.05660174029,189.0562505589918,260616.14290588876,99.44303584379406,0.5471635241228145
Slovenia,Europe,Extreme Risk,"high cases per 100k, high deaths per 100k",1356546,7100.0,2847701.0,1349424.0,65280.26009199079,341.669096848271,137038.22940336875,99.47499015882985,0.5233880753030122
Hong-Kong,Asia,Extreme Risk,high cases per 100k,2937609,14924.0,76127725.0,2916005.0,38630.898127493405,196.2574065012436,1001114.3038957305,99.2645719699252,0.5080322125919413
Portugal,Europe,Extreme Risk,"high cases per 100k, high deaths per 100k",5643062,28126.0,46139518.0,5614809.0,55648.370850948224,277.3611345318853,454999.25546591566,99.49933210019667,0.4984173485954965
San-Marino,Europe,Extreme Risk,"high cases per 100k, high deaths per 100k",26185,128.0,196855.0,26011.0,76822.64925920493,375.53175883819864,577541.4405163561,99.33549742218828,0.488829482528165
Germany,Europe,Extreme Risk,"high cases per 100k, high deaths per 100k",38828995,183027.0,122332384.0,38240600.0,46289.139774122224,218.19164738717208,145835.88428898543,98.4846504525806,0.47136682265405017
Norway,Europe,Extreme Risk,extreme combined risk profile,1509732,6638.0,11002430.0,1503094.0,27393.043834835982,120.4419227887077,199631.48908529096,99.56031931495126,0.43968068504873714
France,Europe,Extreme Risk,"high cases per 100k, high deaths per 100k",40138560,167642.0,271490188.0,39970918.0,61201.273141932674,255.61215529555312,413954.68973333004,99.58234176811524,0.41765823188475126
Seychelles,Africa,Extreme Risk,"high cases per 100k, low testing per 100k",51220,172.0,0.0,51048.0,51515.70011868123,172.9929797034981,0.0,99.66419367434595,0.3358063256540414
Caribbean-Netherlands,North-America,Extreme Risk,high cases per 100k,11682,38.0,30126.0,10476.0,43839.83187600855,142.60517131384395,113055.87871054903,89.6764252696456,0.32528676596473205
Switzerland,Europe,Extreme Risk,high cases per 100k,4453053,14452.0,23833472.0,4438309.0,50754.92637773822,164.72074237855978,271648.71307075955,99.66890131332369,0.3245413876726821
Netherlands,Europe,Extreme Risk,high cases per 100k,8635786,22992.0,25984435.0,8612599.0,50174.66573263713,133.5855143382192,150971.82125361104,99.73150098902404,0.2662409652115048
Israel,Asia,Extreme Risk,high cases per 100k,4841772,12707.0,41373364.0,4798473.0,51916.92043748659,136.2534848809779,443634.6129101437,99.10571997194415,0.262445236991746
Channel-Islands,Europe,Extreme Risk,high cases per 100k,101717,228.0,1252808.0,101321.0,57642.111944146935,129.20555583890106,709955.0614009736,99.61068454633936,0.22415132180461478
New-Zealand,Oceania,Extreme Risk,high cases per 100k,2621111,5697.0,7768604.0,2613791.0,53511.685816206475,116.30796028666023,158601.10330257853,99.72072911067102,0.21735058149006278
Bahrain,Asia,Extreme Risk,high cases per 100k,729549,1574.0,10948549.0,727915.0,40894.39193086481,88.22954030391546,613713.7517566031,99.7760260105901,0.2157497303128371
Australia,Oceania,Extreme Risk,high cases per 100k,11853144,24414.0,81916639.0,11820014.0,45468.71216740691,93.65221065862967,314232.5850772065,99.72049609791293,0.20597066904780706
Cyprus,Asia,Extreme Risk,high cases per 100k,681110,1365.0,9640118.0,679745.0,55674.12437764991,111.57548674295215,787985.9766369922,99.79959184272731,0.20040815727268724
Taiwan,Asia,Extreme Risk,high cases per 100k,10241523,19005.0,30742304.0,10222518.0,42872.019053443706,79.55679268705421,128690.297608545,99.81443189650602,0.18556810349398228
Maldives,Asia,Extreme Risk,high cases per 100k,186694,316.0,2213831.0,163687.0,34510.01414087267,58.41197075704502,409222.2520032903,87.67662592263275,0.16926092964958703
Palau,Oceania,Extreme Risk,high cases per 100k,6290,10.0,71434.0,6276.0,34497.88844403005,54.8456096089508,391784.1276805792,99.77742448330683,0.1589825119236884
S-Korea,Asia,Extreme Risk,high cases per 100k,34571873,35934.0,15804065.0,34535939.0,67352.31058997409,70.00598228334718,30789.19948780729,99.89606001387313,0.10393998612687255
Singapore,Asia,Extreme Risk,high cases per 100k,3006155,2024.0,24756666.0,3004131.0,50578.47621605015,34.05374502022867,416530.2329619389,99.93267146903602,0.06732853096397225
Brunei,Asia,Extreme Risk,high cases per 100k,343719,225.0,717784.0,243601.0,77165.48691043057,50.51287404783233,161143.7012691079,70.87213683270346,0.06546044879683695
Saint-Pierre-Miquelon,North-America,Extreme Risk,high cases per 100k,3452,2.0,25400.0,2449.0,59940.96197256468,34.72825143254037,441048.7931932627,70.94438006952491,0.057937427578215524
Cook-Islands,Oceania,Extreme Risk,high cases per 100k,7203,2.0,19690.0,7150.0,40993.68277275056,11.382391440441637,112059.64373114792,99.264195474108,0.027766208524226017
Nauru,Oceania,Extreme Risk,high cases per 100k,5393,1.0,20509.0,5347.0,49463.45042648812,9.171787581399615,188104.1915069247,99.14704246245132,0.018542555164101613
Niue,Oceania,Extreme Risk,"high cases per 100k, low testing per 100k",1059,0.0,0.0,1056.0,65289.76572133169,0.0,0.0,99.71671388101983,0.0
Falkland-Islands,South-America,Extreme Risk,high cases per 100k,1930,0.0,8632.0,1930.0,54535.17942921729,0.0,243910.70923989825,100.0,0.0
Bermuda,North-America,Severe Risk,high deaths per 100k,18860,165.0,1029558.0,18685.0,30449.31303379131,266.3911267537416,1662212.822292901,99.07211028632025,0.8748674443266171
Greece,Europe,Severe Risk,"high cases per 100k, high deaths per 100k, low recovery rate",6101379,37869.0,102228365.0,0.0,59141.16198912494,367.0672914051352,990907.8413828071,0.0,0.6206629681585097
Turks-and-Caicos,North-America,Severe Risk,multiple adverse indicators,6752,40.0,616788.0,6709.0,16990.010316801287,100.65171988626355,1552019.3251302182,99.36315165876776,0.5924170616113744
Gibraltar,Europe,Severe Risk,"high cases per 100k, high deaths per 100k, low recovery rate",20550,113.0,534283.0,0.0,60971.99145502018,335.27177783052457,1585221.338713506,0.0,0.5498783454987834
Austria,Europe,Severe Risk,"high cases per 100k, high deaths per 100k",6081287,22542.0,211273524.0,6054934.0,67072.69781431192,248.62381172442923,2330211.5541359545,99.56665422960633,0.3706781146819744
Denmark,Europe,Severe Risk,high cases per 100k,3183756,8814.0,129333107.0,3174942.0,54563.552386909905,151.05527896554383,2216524.6831592387,99.7231571766178,0.27684282338219385
UAE,Asia,Severe Risk,low recovery rate,1067030,2349.0,200732262.0,0.0,10583.740875251755,23.299445485100108,1991038.908288562,0.0,0.2201437635305474
Faeroe-Islands,Europe,Severe Risk,"high cases per 100k, low recovery rate",34658,28.0,778000.0,0.0,70395.87268701887,56.87242296833425,1580240.89533443,0.0,0.08078942812626233
Malawi,Africa,High Risk,"high death rate, low recovery rate, low testing per 100k",89535,2686.0,624784.0,0.0,443.6634175615791,13.309654767078811,3095.9267848081045,0.0,2.9999441559166806
Tunisia,Africa,High Risk,"high deaths per 100k, high death rate, low recovery rate",1153361,29423.0,5013383.0,0.0,9574.117497835085,244.24205356241598,41616.387153414194,0.0,2.551065971538833
Paraguay,South-America,High Risk,"high deaths per 100k, high death rate, low recovery rate",837602,20155.0,2657506.0,0.0,11464.82342968498,275.8750769760588,36375.07677074364,0.0,2.4062741015422597
Jamaica,North-America,High Risk,"high death rate, low recovery rate",156869,3756.0,1183986.0,0.0,5255.077394547709,125.82518339455976,39663.27358535443,0.0,2.394354525113311
Honduras,North-America,High Risk,"high death rate, low recovery rate",474590,11165.0,1660662.0,0.0,4643.17122949871,109.23324717620072,16247.15653579255,0.0,2.3525569438884086
Tanzania,Africa,High Risk,"high death rate, low recovery rate, low testing per 100k",43223,846.0,0.0,0.0,68.28434458609242,1.3365235064626282,0.0,0.0,1.957291256969669
Iran,Asia,High Risk,"high death rate, low recovery rate",7627186,146811.0,57320267.0,0.0,8866.466470990721,170.66514558221326,66633.77888827359,0.0,1.9248383348721272
Moldova,Europe,High Risk,"high deaths per 100k, high death rate, low recovery rate",635145,12218.0,3216305.0,0.0,15826.512251782942,304.4475303942942,80143.73172735475,0.0,1.9236552283336876
Poland,Europe,High Risk,"high deaths per 100k, high death rate, low recovery rate",6661991,120598.0,39323709.0,0.0,17652.434956902907,319.5513699932313,104196.9608464913,0.0,1.8102396115515618
Suriname,South-America,High Risk,"high deaths per 100k, low recovery rate",82588,1408.0,242207.0,0.0,13837.753065775738,235.91267879852083,40582.174853518,0.0,1.7048481619605753
Sierra-Leone,Africa,High Risk,"low recovery rate, low testing per 100k",7779,126.0,259958.0,0.0,93.65027311352306,1.5168960550589927,3129.597338738299,0.0,1.619745468569225
Bangladesh,Asia,High Risk,"low recovery rate, low testing per 100k",2049377,29493.0,15254399.0,0.0,1220.697852334513,17.56731033816706,9086.181848412345,0.0,1.4391202789921036
Morocco,Africa,High Risk,low recovery rate,1278992,16303.0,13001033.0,0.0,3386.0171600928456,43.1607373314248,34419.07442496385,0.0,1.2746756820996534
Nicaragua,North-America,High Risk,"low recovery rate, low testing per 100k",18491,225.0,0.0,4225.0,272.7648212889617,3.319024649289729,0.0,22.848953544967824,1.2168081769509491
India,Asia,High Risk,low recovery rate,45035393,533570.0,935879495.0,0.0,3201.64763574913,37.932457456442386,66533.3679338124,0.0,1.1847792690517878
Oman,Asia,High Risk,low recovery rate,399449,4628.0,25000000.0,0.0,7502.8085123327555,86.9272367563218,469572.3679576589,0.0,1.1585959659430867
Saudi-Arabia,Asia,High Risk,low recovery rate,841469,9646.0,45481735.0,0.0,2347.5272318308857,26.91037658932263,126884.78299665931,0.0,1.1463286229201552
Belize,North-America,High Risk,low recovery rate,71409,688.0,576016.0,0.0,17324.292195346803,166.9133166743492,139745.26310681968,0.0,0.9634639891330226
Georgia,Asia,High Risk,"high cases per 100k, high deaths per 100k, low recovery rate",1861665,17132.0,16920079.0,0.0,46908.23632096651,431.673746163138,426333.9882854449,0.0,0.9202514953012492
British-Virgin-Islands,North-America,High Risk,"high deaths per 100k, low recovery rate",7392,64.0,107339.0,0.0,24160.02091776703,209.17767028369724,350826.9054778403,0.0,0.8658008658008658
French-Polynesia,Oceania,High Risk,"high deaths per 100k, low recovery rate, low testing per 100k",79254,650.0,0.0,0.0,27890.23240100787,228.74114947706255,0.0,0.0,0.8201478789714084
Solomon-Islands,Oceania,High Risk,"low recovery rate, low testing per 100k",25954,199.0,0.0,0.0,3598.9289463211303,27.594469458191604,0.0,0.0,0.7667411574323804
Costa-Rica,North-America,High Risk,low recovery rate,1238883,9428.0,4659757.0,0.0,23905.79647781684,181.92504796083014,89915.83747463026,0.0,0.7610081016528599
Turkey,Asia,High Risk,low recovery rate,17232066,102174.0,162743369.0,0.0,20139.86446502825,119.41519443169476,190205.24841548773,0.0,0.59292948390518
Saint-Martin,North-America,High Risk,low recovery rate,12324,63.0,112382.0,0.0,31019.380820538634,158.57034986156557,282864.3342562295,0.0,0.5111976630963972
Guadeloupe,North-America,High Risk,"high cases per 100k, high deaths per 100k, low recovery rate",203235,1021.0,938039.0,0.0,50834.929988944314,255.38152148356403,234630.58475114682,0.0,0.5023740989494919
Martinique,North-America,High Risk,"high cases per 100k, high deaths per 100k, low recovery rate",230354,1102.0,828928.0,0.0,61577.65439590256,294.58388022037656,221586.95704475165,0.0,0.4783941238268057
Estonia,Europe,High Risk,"high cases per 100k, high deaths per 100k, low recovery rate",628070,3001.0,6968103.0,0.0,47512.31173075322,227.01999379685455,527123.8586590616,0.0,0.4778129826293247
Mayotte,Africa,High Risk,low recovery rate,42027,188.0,176919.0,0.0,14681.459796897214,65.67479101093765,61803.82101523445,0.0,0.44733147738358675
Macao,Asia,High Risk,"low recovery rate, low testing per 100k",27673,123.0,7850.0,3487.0,4145.829900073409,18.427242355690723,1176.0475812371722,12.600729953384166,0.44447656560546384
Liechtenstein,Europe,High Risk,"high cases per 100k, high deaths per 100k, low recovery rate",21574,94.0,112457.0,0.0,56201.318154583576,244.87456691067288,292955.9486284419,0.0,0.4357096505052378
French-Guiana,South-America,High Risk,low recovery rate,98041,420.0,651257.0,11254.0,31206.452578071036,133.6860097590787,207295.11823254364,11.478871084546261,0.42839220326190064
New-Caledonia,Oceania,High Risk,low recovery rate,80064,314.0,98964.0,0.0,27521.440970730284,107.9353075640651,34018.184005637384,0.0,0.3921862509992006
Monaco,Europe,High Risk,"high cases per 100k, low recovery rate",17181,67.0,78646.0,0.0,43186.7883266722,168.41364401880202,197687.45444033883,0.0,0.3899656597404109
Kuwait,Asia,High Risk,low recovery rate,667158,2570.0,8455743.0,0.0,15230.784192774694,58.67143221760207,193039.12539842926,0.0,0.3852160957374415
Laos,Asia,High Risk,low recovery rate,218970,758.0,1233207.0,0.0,2927.0061059830987,10.132304097982322,16484.470105224915,0.0,0.3461661414805681
Andorra,Europe,High Risk,"high cases per 100k, high deaths per 100k, low recovery rate",48015,165.0,249838.0,0.0,61984.43127686767,213.00491847720846,322525.59286368976,0.0,0.3436426116838488
Luxembourg,Europe,High Risk,"high cases per 100k, low recovery rate",391232,1232.0,4587145.0,0.0,60904.36834788619,191.78947991114168,714095.9040803523,0.0,0.31490266644855225
Anguilla,North-America,High Risk,low recovery rate,3904,12.0,51382.0,0.0,25633.61785948785,78.79185817465527,337373.6047275115,0.0,0.3073770491803279
Isle-of-Man,Europe,High Risk,"high cases per 100k, low recovery rate",38008,116.0,150753.0,0.0,44333.50440908879,135.30537022348716,175842.15928708066,0.0,0.3051989054935803
Micronesia,Oceania,High Risk,low recovery rate,26547,65.0,82430.0,0.0,22595.30679467865,55.3243282349837,70159.7596370724,0.0,0.24484875880513807
Wallis-and-Futuna,Oceania,High Risk,low recovery rate,3550,8.0,20508.0,438.0,32325.623747951195,72.846476051721,186741.94135858677,12.338028169014084,0.22535211267605634
Japan,Asia,High Risk,low recovery rate,33803572,74694.0,100414883.0,0.0,26916.92129268025,59.476925072754405,79957.80748628269,0.0,0.2209648140143296
R&eacute;union,Africa,High Risk,"high cases per 100k, low recovery rate",494595,921.0,1603660.0,0.0,54467.1558408521,101.42490427405208,176602.67316843252,0.0,0.18621296212052285
Samoa,Oceania,High Risk,low recovery rate,17006,31.0,187397.0,1605.0,8408.86278116486,15.328398577920183,92661.15833246803,9.43784546630601,0.18228860402210986
Greenland,North-America,High Risk,low recovery rate,11971,21.0,164926.0,2761.0,21011.7072999491,36.85956505713233,289480.9822196479,23.06407150613984,0.1754239411912121
Cayman-Islands,North-America,High Risk,"high cases per 100k, low recovery rate",31472,37.0,222773.0,8553.0,46779.73155759026,54.996506978610824,331128.0229498937,27.17653787493645,0.1175648195221149
Iceland,Europe,High Risk,"high cases per 100k, low recovery rate",209906,229.0,1996384.0,0.0,60773.09036373059,66.30128578170374,578003.6074848071,0.0,0.10909645269787428
St-Barth,North-America,High Risk,"high cases per 100k, low recovery rate",5507,6.0,78646.0,0.0,55374.56008044244,60.3318250377074,790809.4519859226,0.0,0.10895224260032686
Tuvalu,Oceania,High Risk,"low recovery rate, low testing per 100k",2943,1.0,0.0,0.0,24390.850323222276,8.28775070445881,0.0,0.0,0.03397893306150187
Saint-Helena,Africa,High Risk,"high cases per 100k, low recovery rate, low testing per 100k",2166,0.0,0.0,2.0,35421.09566639412,0.0,0.0,0.09233610341643582,0.0
Tokelau,Oceania,High Risk,"low recovery rate, low testing per 100k",80,0.0,0.0,0.0,5805.515239477504,0.0,0.0,0.0,0.0
Sudan,Africa,Moderate Risk,"high death rate, low testing per 100k",63993,5046.0,562941.0,58947.0,139.139355044636,10.971468528670844,1223.9971195002959,92.11476255215413,7.885237447845858
Syria,Asia,Moderate Risk,"high death rate, low testing per 100k",57743,3165.0,146269.0,54578.0,298.18522867950827,16.344080646496437,755.3340701682108,94.51881613355731,5.481183866442685
Somalia,Africa,Moderate Risk,"high death rate, low recovery rate, low testing per 100k",27334,1361.0,400466.0,13182.0,162.29861484479534,8.08108636876295,2377.810678731097,48.225653032852854,4.979146850076828
Egypt,Africa,Moderate Risk,"high death rate, low testing per 100k",516023,24613.0,3693367.0,442182.0,486.09559159963277,23.185537846262203,3479.1654962270304,85.69036651467086,4.769748635235251
Mexico,North-America,Moderate Risk,"high deaths per 100k, high death rate",7702809,334958.0,20013810.0,6899865.0,5854.854593668793,254.59937861449134,15212.365698709968,89.57595858861357,4.348517534317676
Liberia,Africa,Moderate Risk,"high death rate, low testing per 100k",8090,295.0,139824.0,7783.0,152.49428052199414,5.560669067242061,2635.644039518827,96.20519159456119,3.646477132262052
Afghanistan,Asia,Moderate Risk,"high death rate, low testing per 100k",234174,7996.0,1390730.0,211080.0,574.5982493958687,19.61997319159841,3412.4668980429788,90.13810243664967,3.414554989025255
Ecuador,South-America,Moderate Risk,high death rate,1070188,36043.0,3082403.0,1034145.0,5908.279529127698,198.98571005127098,17017.2890608209,96.63208707255174,3.3679129274482613
Niger,Africa,Moderate Risk,"high death rate, low testing per 100k",9931,312.0,254538.0,8890.0,38.07364457288586,1.1961511536341143,975.8523152042312,89.51767193636088,3.141677575269359
Myanmar,Asia,Moderate Risk,high death rate,641873,19495.0,11711514.0,620159.0,1162.241907027492,35.2996713952775,21206.083392725926,96.61708780397367,3.0372051792176955
Gambia,Africa,Moderate Risk,"high death rate, low testing per 100k",12626,372.0,155686.0,12189.0,493.4957525595255,14.539871689540906,6085.092644779209,96.53888800887059,2.946301283066688
Algeria,Africa,Moderate Risk,"high death rate, low testing per 100k",272010,6881.0,230960.0,183061.0,599.799586100579,15.173048608352943,509.281689665048,67.2993639939708,2.5296864085879194
Chad,Africa,Moderate Risk,"high death rate, low recovery rate, low testing per 100k",7701,194.0,191341.0,4874.0,44.224105554400644,1.1140730395472958,1098.8033477320573,63.290481755616156,2.519153356706921
South-Africa,Africa,Moderate Risk,high death rate,4076463,102595.0,26795090.0,3912506.0,6709.549578820312,168.86360529681488,44102.69020568869,95.97795932405127,2.5167651466479644
Sri-Lanka,Asia,Moderate Risk,high death rate,672754,16897.0,6486117.0,655852.0,3118.089203656571,78.31444075276413,30061.941499200817,97.48764035591019,2.5116164303742528
Haiti,North-America,Moderate Risk,"high death rate, low testing per 100k",34667,860.0,132422.0,33734.0,296.7993155645287,7.3628353011652194,1133.7225305243032,97.30867972423341,2.4807453774482937
Mauritius,Africa,Moderate Risk,high death rate,43025,1051.0,358675.0,41278.0,3375.2325007629083,82.44902634054193,28137.39726231577,95.93957001743173,2.442765833817548
Namibia,Africa,Moderate Risk,high death rate,172389,4106.0,1062663.0,167099.0,6545.073910141487,155.8920434310829,40346.00743999143,96.93135872938528,2.381822506076374
Indonesia,Asia,Moderate Risk,high death rate,6829221,162063.0,114158919.0,6647104.0,2446.569978870939,58.05910666615723,40897.45873588792,97.33326831859739,2.373081790734258
Mali,Africa,Moderate Risk,"high death rate, low testing per 100k",33164,743.0,804909.0,32332.0,154.43962222924682,3.460036163198962,3748.336807650489,97.49125557833796,2.2403811361717527
Bahamas,North-America,Moderate Risk,"high deaths per 100k, high death rate",38084,844.0,257839.0,36366.0,9508.733733483805,210.7281606727322,64376.70405177322,95.4889192311732,2.2161537653607817
Senegal,Africa,Moderate Risk,"high death rate, low testing per 100k",89053,1971.0,1146543.0,87024.0,504.44465629839823,11.164816654847595,6494.643522018735,97.72158153010005,2.213288715708623
Cambodia,Asia,Moderate Risk,high death rate,139103,3056.0,3091420.0,136044.0,810.2156495922594,17.799896660416707,18006.20305430151,97.80091011696369,2.196933207766907
Zimbabwe,Africa,Moderate Risk,high death rate,266359,5740.0,2525756.0,258888.0,1737.3397963973089,37.439434865428055,16474.36885853033,97.19513889149607,2.1549863154614637
Uganda,Africa,Moderate Risk,"high death rate, low recovery rate, low testing per 100k",172149,3632.0,3012408.0,100431.0,355.438413789414,7.4990404758851446,6219.760330914156,58.33957792377533,2.1098002311950697
El-Salvador,North-America,Moderate Risk,high death rate,201855,4230.0,2610114.0,179410.0,3081.572712704543,64.57631752862311,39846.70223401999,88.88063213692998,2.0955636471724755
Madagascar,Africa,Moderate Risk,"high death rate, low testing per 100k",68486,1426.0,531329.0,66862.0,234.71731875956044,4.887230916554234,1820.9870376310266,97.62871243757849,2.082177379318401
Africa,Africa,Moderate Risk,high death rate,12860924,258892.0,0.0,12090808.0,,,,94.01196990200704,2.0130124398526887
Lesotho,Africa,Moderate Risk,high death rate,36138,723.0,431221.0,25980.0,1660.983435668261,33.23069965100871,19819.883173177906,71.89108417732028,2.0006641208699985
South-America,South-America,Moderate Risk,high death rate,70200879,1367332.0,0.0,66683585.0,,,,94.98967242276268,1.947741993373046
Pakistan,Asia,Moderate Risk,high death rate,1581936,30664.0,30589153.0,1538689.0,689.3297898198987,13.361860830676699,13329.246194699865,97.26619787399743,1.9383843594178274
Eswatini,Africa,Moderate Risk,high death rate,75191,1427.0,1048704.0,73116.0,6346.212115457493,120.44054060669285,88511.89677393218,97.2403612134431,1.8978335173092526
Bolivia,South-America,Moderate Risk,high death rate,1212131,22407.0,2710261.0,1177145.0,10107.277320386744,186.8393456795559,22599.33912888021,97.11367830704766,1.8485625728572244
Guinea-Bissau,Africa,Moderate Risk,"high death rate, low testing per 100k",9614,177.0,145231.0,8929.0,465.9374701640571,8.578212213338682,7038.544282233844,92.87497399625546,1.841065113376326
Diamond-Princess,Unknown,Moderate Risk,high death rate,712,13.0,0.0,699.0,,,,98.17415730337079,1.8258426966292134
Burkina-Faso,Africa,Moderate Risk,"high death rate, low testing per 100k",22114,400.0,248995.0,21596.0,100.05050030226887,1.8097223533014177,1126.5295434007162,97.65759247535499,1.8088088993397848
Angola,Africa,Moderate Risk,"high death rate, low testing per 100k",107327,1937.0,1499795.0,103419.0,306.409195810256,5.5299655472012255,4281.783519806227,96.358791357254,1.804764877430656
Comoros,Africa,Moderate Risk,low testing per 100k,9109,161.0,0.0,8939.0,1003.8361550727943,17.742630471700505,0.0,98.13371390932045,1.7674827094082777
Guyana,South-America,Moderate Risk,mixed values without severe extremes,74137,1300.0,733218.0,72013.0,9336.62449861154,163.71868093118147,92339.60291923002,97.13503378879642,1.7535103929212135
Kenya,Africa,Moderate Risk,low testing per 100k,344130,5689.0,3967062.0,337309.0,612.1651643066564,10.120034927906804,7056.9179119655155,98.01790021212913,1.6531543312120418
Philippines,Asia,Moderate Risk,mixed values without severe extremes,4140383,66864.0,36102746.0,4067381.0,3680.0462370146156,59.429915443026715,32088.764388027503,98.23682978120624,1.6149230638808052
Antigua-and-Barbuda,North-America,Moderate Risk,mixed values without severe extremes,9106,146.0,18901.0,8954.0,9150.931071561366,146.72039715000653,18994.261825563517,98.33077092027234,1.6033384581594552
Cameroon,Africa,Moderate Risk,low testing per 100k,125379,1974.0,1751774.0,123280.0,449.2011693511231,7.072341526883425,6276.162110392444,98.32587594413738,1.5744263393391238
Guatemala,North-America,Moderate Risk,mixed values without severe extremes,1291293,20289.0,7593848.0,1269891.0,6948.398031235298,109.1743296492221,40862.20438947637,98.34259149550103,1.571215827856265
Mauritania,Africa,Moderate Risk,mixed values without severe extremes,63848,997.0,1009957.0,62471.0,1302.4938285154512,20.33871612313471,20603.037833071976,97.84331537401329,1.561521112642526
Congo,Africa,Moderate Risk,low testing per 100k,25375,386.0,347815.0,24006.0,437.66563380451737,6.65769200585394,5999.080686570176,94.60492610837439,1.5211822660098522
Ethiopia,Africa,Moderate Risk,low testing per 100k,501157,7574.0,5565340.0,488171.0,414.82146189633147,6.269208556206567,4606.585311090395,97.40879604594967,1.5113028452161696
DRC,Africa,Moderate Risk,low testing per 100k,99338,1468.0,846704.0,84489.0,104.30194658608046,1.5413563549534532,889.0140266788205,85.05204453482051,1.4777829229499284
Kyrgyzstan,Asia,Moderate Risk,mixed values without severe extremes,206897,2991.0,1907195.0,196406.0,3075.039634996866,44.45421416586817,28345.98963091707,94.92936098638452,1.44564686776512
Papua-New-Guinea,Oceania,Moderate Risk,low testing per 100k,46864,670.0,249149.0,46168.0,504.33865333271496,7.21037251905341,2681.2792578352805,98.51485148514851,1.4296688289518606
North-America,North-America,Moderate Risk,mixed values without severe extremes,131889132,1695941.0,0.0,127665129.0,,,,96.7973077569424,1.2858838133835016
St-Vincent-Grenadines,North-America,Moderate Risk,mixed values without severe extremes,9674,124.0,114197.0,9493.0,8672.26649693862,111.15991788509291,102372.00921551578,98.1290055819723,1.281786231135001
Fiji,Oceania,Moderate Risk,mixed values without severe extremes,69117,885.0,672883.0,67226.0,7599.734349607353,97.30984995590819,73986.60312754958,97.26405949332292,1.2804375189895394
Libya,Africa,Moderate Risk,mixed values without severe extremes,507274,6437.0,2483848.0,500835.0,7204.834147522742,91.42498414585388,35278.19854290988,98.73066626714557,1.268939468610652
Azerbaijan,Asia,Moderate Risk,mixed values without severe extremes,835234,10400.0,7748050.0,824089.0,8108.906570306125,100.96886421192588,75222.28926511657,98.66564340053206,1.2451600389830875
Guinea,Africa,Moderate Risk,low testing per 100k,38572,468.0,660107.0,37757.0,278.18303465727024,3.3752374836566026,4760.721986376301,97.8870683397283,1.2133153582909884
Djibouti,Africa,Moderate Risk,mixed values without severe extremes,15690,189.0,305941.0,15427.0,1544.1439153939043,18.600586361341485,30109.428528969183,98.32377310388782,1.2045889101338432
Nepal,Asia,Moderate Risk,mixed values without severe extremes,1003450,12031.0,6047766.0,991322.0,3319.869903580351,39.804030903358615,20008.76608430567,98.79136977427873,1.1989635756639594
Canada,North-America,Moderate Risk,mixed values without severe extremes,4946090,59034.0,66572774.0,4881312.0,12884.328474168211,153.78075351318844,173418.9001115154,98.69031901967008,1.1935488436320407
Nigeria,Africa,Moderate Risk,low testing per 100k,267188,3155.0,5708974.0,259953.0,123.2718705954106,1.4556145924537045,2633.93529709629,97.2921688099765,1.1808165037351976
Sao-Tome-and-Principe,Africa,Moderate Risk,mixed values without severe extremes,6778,80.0,29600.0,6685.0,2976.998317807088,35.137188761370176,13000.759841706966,98.62791383889052,1.1802891708468575
Zambia,Africa,Moderate Risk,mixed values without severe extremes,349304,4069.0,4112961.0,341316.0,1794.04109883836,20.89856752620436,21124.353205000003,97.7131667544603,1.1648878913496552
Rwanda,Africa,Moderate Risk,mixed values without severe extremes,133518,1468.0,6021981.0,132039.0,981.7165061427315,10.793749389726703,44277.76140578733,98.89228418640184,1.0994772240446982
Albania,Europe,Moderate Risk,mixed values without severe extremes,334863,3605.0,1941032.0,330233.0,11682.460139535175,125.76865405561173,67717.33207180919,98.61734500377767,1.0765596676849936
Equatorial-Guinea,Africa,Moderate Risk,mixed values without severe extremes,17229,183.0,365697.0,16907.0,1151.161718544334,12.227209617134664,24434.1741822803,98.1310580997156,1.062162632770329
Venezuela,South-America,Moderate Risk,mixed values without severe extremes,552695,5856.0,3359014.0,546537.0,1888.4585709545613,20.00888987870328,11477.141602975174,98.88582310315816,1.0595355485394296
China,Asia,Moderate Risk,mixed values without severe extremes,503302,5272.0,160000000.0,379053.0,34.74711340520773,0.3639699064821024,11046.127662582774,75.31323141970428,1.0474824260583109
Iraq,Asia,Moderate Risk,mixed values without severe extremes,2465545,25375.0,19544451.0,2439497.0,5847.378267715863,60.18029423242732,46352.34726270969,98.9435195869473,1.029184216876999
Eritrea,Africa,Moderate Risk,low testing per 100k,10189,103.0,23693.0,10086.0,278.2173989499334,2.8124832752814943,646.953070303344,98.98910589851802,1.0108941014819903
All,All,Moderate Risk,mixed values without severe extremes,704753890,7010681.0,0.0,675619811.0,,,,95.86606339980614,0.9947701033618984
Kazakhstan,Asia,Moderate Risk,mixed values without severe extremes,1411831,13848.0,11575012.0,1383020.0,7351.355578844577,72.10606089244372,60270.690359818516,97.95931666042182,0.9808539407336997
Mozambique,Africa,Moderate Risk,low testing per 100k,233731,2250.0,1371127.0,228805.0,706.3608561046069,6.799748113153006,4143.696991619175,97.8924490118983,0.9626450920074787
Ivory-Coast,Africa,Moderate Risk,low testing per 100k,88384,835.0,1690934.0,87497.0,318.5893252246083,3.0098443899636576,6095.147561315936,98.99642469225199,0.9447411296162201
Lebanon,Asia,Moderate Risk,mixed values without severe extremes,1243838,10952.0,4795578.0,1087587.0,18606.822682157817,163.83316960487812,71738.01532390635,87.4379943368831,0.8805005153404221
Palestine,Asia,Moderate Risk,mixed values without severe extremes,621008,5404.0,3078533.0,615445.0,11617.308706452724,101.09360306094369,57590.67230052113,99.10419833560921,0.8701981294926957
Ghana,Africa,Moderate Risk,low testing per 100k,171889,1462.0,2541625.0,170425.0,530.5961176646721,4.512979446187659,7845.62338229597,99.14828755766803,0.8505489007440848
Botswana,Africa,Moderate Risk,mixed values without severe extremes,330638,2801.0,2026898.0,327049.0,13544.287515535632,114.74043918429011,83030.04880462664,98.91452283161645,0.8471500553475403
Europe,Europe,Moderate Risk,mixed values without severe extremes,253406198,2101824.0,0.0,248754104.0,,,,98.16417513197526,0.8294288050523532
Jordan,Asia,Moderate Risk,mixed values without severe extremes,1746997,14122.0,17201885.0,1731007.0,16959.705050127326,137.09522953840107,166994.50308512806,99.08471508537221,0.8083585718807761
South-Sudan,Africa,Moderate Risk,low testing per 100k,18819,147.0,410280.0,18115.0,161.97428396805753,1.265222367995348,3531.2614499396695,96.25909984590042,0.7811254583134066
Cuba,North-America,Moderate Risk,mixed values without severe extremes,1115251,8530.0,14402674.0,1106660.0,9864.54385824011,75.44898781600565,127393.57270151249,99.22968013478581,0.7648502444741139
Togo,Africa,Moderate Risk,low testing per 100k,39572,290.0,815204.0,39281.0,455.8546600978685,3.3406916867578555,9390.845606247416,99.26463155766704,0.7328414030122309
CAR,Africa,Moderate Risk,low testing per 100k,15440,113.0,81294.0,15200.0,307.77339107672447,2.2524866056781003,1620.4747444424377,98.44559585492227,0.7318652849740932
Saint-Kitts-and-Nevis,North-America,Moderate Risk,mixed values without severe extremes,6607,48.0,126958.0,6559.0,12264.483673961871,89.10174305284848,235670.397802157,99.27349780535796,0.7265021946420462
Thailand,Asia,Moderate Risk,mixed values without severe extremes,4770149,34586.0,17273454.0,4692636.0,6806.894006685645,49.35343447662321,24648.825541374114,98.37504027651967,0.7250507269269786
Belarus,Europe,Moderate Risk,mixed values without severe extremes,994037,7118.0,13646641.0,985592.0,10538.090492748706,75.46009668391146,144672.2182172844,99.1504340381696,0.7160699249625517
Malaysia,Asia,Moderate Risk,mixed values without severe extremes,5278406,37348.0,68580916.0,5233268.0,15907.882662742182,112.55814760897417,206686.86050890698,99.14485547341376,0.7075620935562744
Tajikistan,Asia,Moderate Risk,low testing per 100k,17786,125.0,0.0,17264.0,178.61977708380365,1.2553397130032307,0.0,97.06510738783312,0.7027999550208028
Asia,Asia,Moderate Risk,mixed values without severe extremes,221500265,1553662.0,0.0,205673091.0,,,,92.85455753292214,0.7014267003247152
Dominican-Republic,North-America,Moderate Risk,mixed values without severe extremes,675890,4384.0,3740928.0,671316.0,6113.127545478308,39.65135030756026,33835.047126679005,99.3232626610839,0.6486262557516755
Cabo-Verde,Africa,Moderate Risk,mixed values without severe extremes,64477,417.0,401622.0,63755.0,11358.023386497274,73.4571359115555,70748.2058490905,98.88022085394792,0.6467422491741242
Uzbekistan,Asia,Moderate Risk,low testing per 100k,253662,1637.0,1377915.0,241486.0,737.773777761697,4.761200629955996,4007.654102642527,95.19991169351341,0.6453469577626921
Gabon,Africa,Moderate Risk,mixed values without severe extremes,49051,307.0,1621909.0,48674.0,2103.8089531651494,13.167302371444025,69564.05935493944,99.2314122036248,0.6258791869686653
Timor-Leste,Asia,Moderate Risk,mixed values without severe extremes,23460,138.0,278529.0,23102.0,1713.122768686803,10.077192756981194,20339.061024704457,98.47399829497017,0.5882352941176471
Benin,Africa,Moderate Risk,low testing per 100k,28036,163.0,604310.0,27847.0,219.29292813940637,1.2749588845314321,4726.812291479692,99.3258667427593,0.5813953488372093
Kiribati,Oceania,Moderate Risk,"low recovery rate, low testing per 100k",5085,24.0,0.0,2703.0,4120.111166027921,19.445952406031484,0.0,53.15634218289086,0.471976401179941
Dominica,North-America,Moderate Risk,mixed values without severe extremes,16038,74.0,229344.0,15964.0,22169.08105717129,102.28906336392791,317018.68848833354,99.53859583489213,0.46140416510786886
Vietnam,Asia,Moderate Risk,mixed values without severe extremes,11625195,43206.0,85826548.0,10640971.0,11748.13440986412,43.662914498431135,86734.18569225329,91.53369900461885,0.37165828186107847
Mongolia,Asia,Moderate Risk,mixed values without severe extremes,1011496,2284.0,4030048.0,1009212.0,29942.943887026886,67.61241155473616,119300.0280040899,99.77419584457081,0.22580415542918608
Oceania,Oceania,Moderate Risk,mixed values without severe extremes,14895771,33015.0,0.0,14752388.0,,,,99.03742478318175,0.22164008831768428
Qatar,Asia,Moderate Risk,mixed values without severe extremes,514524,690.0,4065369.0,513687.0,17266.398538213336,23.155022878169344,136425.66985971076,99.83732537257737,0.1341045315670406
Vanuatu,Oceania,Moderate Risk,low testing per 100k,12019,14.0,24976.0,11976.0,3734.5571602575255,4.350095702105446,7760.570732556116,99.64223313087611,0.11648223645894001
Marshall-Islands,Oceania,Moderate Risk,low testing per 100k,16138,17.0,0.0,16121.0,26871.139084536357,28.306442213230763,0.0,99.89465856983517,0.10534143016482836
Tonga,Oceania,Moderate Risk,mixed values without severe extremes,16950,13.0,535009.0,15638.0,15731.004464078553,12.065077170089745,496532.68243788806,92.25958702064896,0.07669616519174041
Burundi,Africa,Moderate Risk,low testing per 100k,54721,38.0,345742.0,53569.0,433.43915645663634,0.30099391358623157,2738.5852018718656,97.8947753147786,0.06944317538056688
Bhutan,Asia,Moderate Risk,mixed values without severe extremes,62697,21.0,2303734.0,61564.0,7957.067851526954,2.665174169131953,292373.92139766813,98.19289599183374,0.03349442557060146
DPRK,Asia,Moderate Risk,low testing per 100k,4772813,74.0,0.0,4772739.0,18363.55641189674,0.28471745582329727,0.0,99.99844955165852,0.0015504483414707426
Vatican-City,Europe,Moderate Risk,low testing per 100k,29,0.0,0.0,29.0,3629.536921151439,0.0,0.0,100.0,0.0
MS-Zaandam,Unknown,Low Risk,high death rate,9,2.0,0.0,7.0,,,,77.77777777777779,22.22222222222222
Yemen,Asia,Low Risk,"high death rate, low testing per 100k",11945,2159.0,329592.0,9124.0,38.34071896374971,6.929896378630023,1057.9149639765756,76.38342402678944,18.07450816241105
Western-Sahara,Africa,Low Risk,"high death rate, low testing per 100k",10,1.0,0.0,9.0,1.5970333508474657,0.15970333508474657,0.0,90.0,10.0
